{"cameraMode":{"drawMode":0,"name":"Shaded","section":"Shading Mode"},"sceneLighting":true,"audioPlay":false,"sceneViewState":{"m_AlwaysRefresh":false,"showFog":true,"showSkybox":true,"showFlares":true,"showImageEffects":true,"showParticleSystems":true,"showVisualEffectGraphs":true,"m_FxEnabled":true},"in2DMode":false,"pivot":{"x":-0.6920751333236694,"y":-5.443152904510498,"z":10.009516716003418},"rotation":{"x":-0.17183692753314973,"y":-0.03959100693464279,"z":0.006871774327009916,"w":-0.9844254851341248},"size":14.852360725402832,"orthographic":false}